filename,spec,group,prompt
"public/assets/terrain/plains.png","512x512 PNG, transparent outside hex, tileable","Terrain","Dry temperate grassland with patchy scrub and faint dirt vehicle tracks. Top-down orthographic view of a single flat-top hexagon map tile, edges designed to seam seamlessly with neighbours. Gritty militarized near-future dieselpunk, lightly stylized for readability (not photoreal); weathered PBR materials (rust, oil, poured concrete, cold steel, sandbags); subtle film grain; desaturated world where color is a sparse signal; strong clean silhouette readable as solid black at 32px. Negative: no neon cyberpunk, no fantasy or magic FX, no glossy mobile-cartoon gloss, no centered subject floating on a gradient, no rainbow palette, no lens flare, no AI-melted detail. Palette: olive base #7c8a4f with sand #c9a14a track accents. Lighting: soft top-down ambient with a faint warm key from the north-west, gentle readable relief shadows. Background: art fills the hex, fully transparent outside the hexagon silhouette. 512x512 PNG, transparent outside hex, tileable."
"public/assets/terrain/forest.png","512x512 PNG, transparent outside hex, tileable","Terrain","Dense dark coniferous canopy of tight treetops with a few shadowed clearings. Top-down orthographic view of a single flat-top hexagon map tile, edges designed to seam seamlessly with neighbours. Gritty militarized near-future dieselpunk, lightly stylized for readability (not photoreal); weathered PBR materials (rust, oil, poured concrete, cold steel, sandbags); subtle film grain; desaturated world where color is a sparse signal; strong clean silhouette readable as solid black at 32px. Negative: no neon cyberpunk, no fantasy or magic FX, no glossy mobile-cartoon gloss, no centered subject floating on a gradient, no rainbow palette, no lens flare, no AI-melted detail. Palette: forest base #2f5d3a with gunmetal #2a2f3a shadow. Lighting: soft top-down ambient with a faint warm key from the north-west, gentle readable relief shadows. Background: art fills the hex, fully transparent outside the hexagon silhouette. 512x512 PNG, transparent outside hex, tileable."
"public/assets/terrain/river.png","512x512 PNG, transparent outside hex, tileable","Terrain","A flowing water channel cutting across with muddy banks and a shallow ford crossing. Top-down orthographic view of a single flat-top hexagon map tile, edges designed to seam seamlessly with neighbours. Gritty militarized near-future dieselpunk, lightly stylized for readability (not photoreal); weathered PBR materials (rust, oil, poured concrete, cold steel, sandbags); subtle film grain; desaturated world where color is a sparse signal; strong clean silhouette readable as solid black at 32px. Negative: no neon cyberpunk, no fantasy or magic FX, no glossy mobile-cartoon gloss, no centered subject floating on a gradient, no rainbow palette, no lens flare, no AI-melted detail. Palette: river base #2c6f8c with concrete #8b8f96 banks. Lighting: soft top-down ambient with a faint warm key from the north-west, gentle readable relief shadows. Background: art fills the hex, fully transparent outside the hexagon silhouette. 512x512 PNG, transparent outside hex, tileable."
"public/assets/terrain/mountain.png","512x512 PNG, transparent outside hex, tileable","Terrain","Rugged rock ridges and loose scree, hard angular high-ground relief. Top-down orthographic view of a single flat-top hexagon map tile, edges designed to seam seamlessly with neighbours. Gritty militarized near-future dieselpunk, lightly stylized for readability (not photoreal); weathered PBR materials (rust, oil, poured concrete, cold steel, sandbags); subtle film grain; desaturated world where color is a sparse signal; strong clean silhouette readable as solid black at 32px. Negative: no neon cyberpunk, no fantasy or magic FX, no glossy mobile-cartoon gloss, no centered subject floating on a gradient, no rainbow palette, no lens flare, no AI-melted detail. Palette: mountain base #6b6f78 with ash #4b515c shadow. Lighting: soft top-down ambient with a faint warm key from the north-west, gentle readable relief shadows. Background: art fills the hex, fully transparent outside the hexagon silhouette. 512x512 PNG, transparent outside hex, tileable."
"public/assets/terrain/desert.png","512x512 PNG, transparent outside hex, tileable","Terrain","Rolling sand dunes with an oily sheen patch and a marked derrick drill spot. Top-down orthographic view of a single flat-top hexagon map tile, edges designed to seam seamlessly with neighbours. Gritty militarized near-future dieselpunk, lightly stylized for readability (not photoreal); weathered PBR materials (rust, oil, poured concrete, cold steel, sandbags); subtle film grain; desaturated world where color is a sparse signal; strong clean silhouette readable as solid black at 32px. Negative: no neon cyberpunk, no fantasy or magic FX, no glossy mobile-cartoon gloss, no centered subject floating on a gradient, no rainbow palette, no lens flare, no AI-melted detail. Palette: sand base #c9a14a with amber #f5b301 oil glint. Lighting: soft top-down ambient with a faint warm key from the north-west, gentle readable relief shadows. Background: art fills the hex, fully transparent outside the hexagon silhouette. 512x512 PNG, transparent outside hex, tileable."
"public/assets/terrain/coastal.png","512x512 PNG, transparent outside hex, tileable","Terrain","A shoreline where land meets open sea, with a small concrete dock and breakwater. Top-down orthographic view of a single flat-top hexagon map tile, edges designed to seam seamlessly with neighbours. Gritty militarized near-future dieselpunk, lightly stylized for readability (not photoreal); weathered PBR materials (rust, oil, poured concrete, cold steel, sandbags); subtle film grain; desaturated world where color is a sparse signal; strong clean silhouette readable as solid black at 32px. Negative: no neon cyberpunk, no fantasy or magic FX, no glossy mobile-cartoon gloss, no centered subject floating on a gradient, no rainbow palette, no lens flare, no AI-melted detail. Palette: teal base #3f9aa6 with sand #c9a14a shore. Lighting: soft top-down ambient with a faint warm key from the north-west, gentle readable relief shadows. Background: art fills the hex, fully transparent outside the hexagon silhouette. 512x512 PNG, transparent outside hex, tileable."
"public/assets/terrain/industrial.png","512x512 PNG, transparent outside hex, tileable","Terrain","Poured concrete slabs, exposed pipe runs and a short smokestack on oil-stained ground. Top-down orthographic view of a single flat-top hexagon map tile, edges designed to seam seamlessly with neighbours. Gritty militarized near-future dieselpunk, lightly stylized for readability (not photoreal); weathered PBR materials (rust, oil, poured concrete, cold steel, sandbags); subtle film grain; desaturated world where color is a sparse signal; strong clean silhouette readable as solid black at 32px. Negative: no neon cyberpunk, no fantasy or magic FX, no glossy mobile-cartoon gloss, no centered subject floating on a gradient, no rainbow palette, no lens flare, no AI-melted detail. Palette: industrial base #8a5a3c with gunmetal #2a2f3a steel. Lighting: soft top-down ambient with a faint warm key from the north-west, gentle readable relief shadows. Background: art fills the hex, fully transparent outside the hexagon silhouette. 512x512 PNG, transparent outside hex, tileable."
"public/assets/terrain/techRuins.png","512x512 PNG, transparent outside hex, tileable","Terrain","Broken half-buried arcology shards and exposed circuitry emitting a faint glow. Top-down orthographic view of a single flat-top hexagon map tile, edges designed to seam seamlessly with neighbours. Gritty militarized near-future dieselpunk, lightly stylized for readability (not photoreal); weathered PBR materials (rust, oil, poured concrete, cold steel, sandbags); subtle film grain; desaturated world where color is a sparse signal; strong clean silhouette readable as solid black at 32px. Negative: no neon cyberpunk, no fantasy or magic FX, no glossy mobile-cartoon gloss, no centered subject floating on a gradient, no rainbow palette, no lens flare, no AI-melted detail. Palette: techruins base #5b4b8a with violet #8b5cf6 glow. Lighting: soft top-down ambient with a faint warm key from the north-west, gentle readable relief shadows. Background: art fills the hex, fully transparent outside the hexagon silhouette. 512x512 PNG, transparent outside hex, tileable."
"public/assets/terrain/warzone.png","512x512 PNG, transparent outside hex, tileable","Terrain","Cratered scorched earth with blast scoring, scattered wreckage and bent rebar. Top-down orthographic view of a single flat-top hexagon map tile, edges designed to seam seamlessly with neighbours. Gritty militarized near-future dieselpunk, lightly stylized for readability (not photoreal); weathered PBR materials (rust, oil, poured concrete, cold steel, sandbags); subtle film grain; desaturated world where color is a sparse signal; strong clean silhouette readable as solid black at 32px. Negative: no neon cyberpunk, no fantasy or magic FX, no glossy mobile-cartoon gloss, no centered subject floating on a gradient, no rainbow palette, no lens flare, no AI-melted detail. Palette: scorched dark base with blood #9c2b2b signal. Lighting: soft top-down ambient with a faint warm key from the north-west, gentle readable relief shadows. Background: art fills the hex, fully transparent outside the hexagon silhouette. 512x512 PNG, transparent outside hex, tileable."
"public/assets/buildings/camp.png","256x256 PNG, transparent","Buildings — Economy","A humble field command tent camp with sandbag walls and a short radio mast. Three-quarter top-down billboard view, a single building on a consistent square footprint, grounded with a soft drop shadow. Gritty militarized near-future dieselpunk, lightly stylized for readability (not photoreal); weathered PBR materials (rust, oil, poured concrete, cold steel, sandbags); subtle film grain; desaturated world where color is a sparse signal; strong clean silhouette readable as solid black at 32px. Negative: no neon cyberpunk, no fantasy or magic FX, no glossy mobile-cartoon gloss, no centered subject floating on a gradient, no rainbow palette, no lens flare, no AI-melted detail. Palette: olive #5c6347 canvas with amber #f5b301 marker. Lighting: soft north-west key light with one long readable shadow. Background: transparent background (PNG alpha), nothing behind the structure. 256x256 PNG, transparent."
"public/assets/buildings/farm.png","256x256 PNG, transparent","Buildings — Economy","Small terraced crop-field plots beside a simple irrigation shed. Three-quarter top-down billboard view, a single building on a consistent square footprint, grounded with a soft drop shadow. Gritty militarized near-future dieselpunk, lightly stylized for readability (not photoreal); weathered PBR materials (rust, oil, poured concrete, cold steel, sandbags); subtle film grain; desaturated world where color is a sparse signal; strong clean silhouette readable as solid black at 32px. Negative: no neon cyberpunk, no fantasy or magic FX, no glossy mobile-cartoon gloss, no centered subject floating on a gradient, no rainbow palette, no lens flare, no AI-melted detail. Palette: olive #5c6347 with sand #c9a14a crops. Lighting: soft north-west key light with one long readable shadow. Background: transparent background (PNG alpha), nothing behind the structure. 256x256 PNG, transparent."
"public/assets/buildings/well.png","256x256 PNG, transparent","Buildings — Economy","A water well pump head feeding a small ribbed storage tank. Three-quarter top-down billboard view, a single building on a consistent square footprint, grounded with a soft drop shadow. Gritty militarized near-future dieselpunk, lightly stylized for readability (not photoreal); weathered PBR materials (rust, oil, poured concrete, cold steel, sandbags); subtle film grain; desaturated world where color is a sparse signal; strong clean silhouette readable as solid black at 32px. Negative: no neon cyberpunk, no fantasy or magic FX, no glossy mobile-cartoon gloss, no centered subject floating on a gradient, no rainbow palette, no lens flare, no AI-melted detail. Palette: concrete #8b8f96 with sky #4a90d9 water. Lighting: soft north-west key light with one long readable shadow. Background: transparent background (PNG alpha), nothing behind the structure. 256x256 PNG, transparent."
"public/assets/buildings/lumberCamp.png","256x256 PNG, transparent","Buildings — Economy","A logging yard with neatly stacked timber and an open saw shelter. Three-quarter top-down billboard view, a single building on a consistent square footprint, grounded with a soft drop shadow. Gritty militarized near-future dieselpunk, lightly stylized for readability (not photoreal); weathered PBR materials (rust, oil, poured concrete, cold steel, sandbags); subtle film grain; desaturated world where color is a sparse signal; strong clean silhouette readable as solid black at 32px. Negative: no neon cyberpunk, no fantasy or magic FX, no glossy mobile-cartoon gloss, no centered subject floating on a gradient, no rainbow palette, no lens flare, no AI-melted detail. Palette: dirt-brown #6b5840 with olive #5c6347. Lighting: soft north-west key light with one long readable shadow. Background: transparent background (PNG alpha), nothing behind the structure. 256x256 PNG, transparent."
"public/assets/buildings/quarry.png","256x256 PNG, transparent","Buildings — Economy","An open stone quarry pit with cut blocks and a small jib crane. Three-quarter top-down billboard view, a single building on a consistent square footprint, grounded with a soft drop shadow. Gritty militarized near-future dieselpunk, lightly stylized for readability (not photoreal); weathered PBR materials (rust, oil, poured concrete, cold steel, sandbags); subtle film grain; desaturated world where color is a sparse signal; strong clean silhouette readable as solid black at 32px. Negative: no neon cyberpunk, no fantasy or magic FX, no glossy mobile-cartoon gloss, no centered subject floating on a gradient, no rainbow palette, no lens flare, no AI-melted detail. Palette: concrete #8b8f96 with ash #4b515c. Lighting: soft north-west key light with one long readable shadow. Background: transparent background (PNG alpha), nothing behind the structure. 256x256 PNG, transparent."
"public/assets/buildings/ironMine.png","256x256 PNG, transparent","Buildings — Economy","A mine entrance cut into rock with ore carts and a timber headframe. Three-quarter top-down billboard view, a single building on a consistent square footprint, grounded with a soft drop shadow. Gritty militarized near-future dieselpunk, lightly stylized for readability (not photoreal); weathered PBR materials (rust, oil, poured concrete, cold steel, sandbags); subtle film grain; desaturated world where color is a sparse signal; strong clean silhouette readable as solid black at 32px. Negative: no neon cyberpunk, no fantasy or magic FX, no glossy mobile-cartoon gloss, no centered subject floating on a gradient, no rainbow palette, no lens flare, no AI-melted detail. Palette: ash #4b515c with gunmetal #2a2f3a. Lighting: soft north-west key light with one long readable shadow. Background: transparent background (PNG alpha), nothing behind the structure. 256x256 PNG, transparent."
"public/assets/buildings/mineralMine.png","256x256 PNG, transparent","Buildings — Economy","A deep mineral shaft with a conveyor lifting crystalline ore. Three-quarter top-down billboard view, a single building on a consistent square footprint, grounded with a soft drop shadow. Gritty militarized near-future dieselpunk, lightly stylized for readability (not photoreal); weathered PBR materials (rust, oil, poured concrete, cold steel, sandbags); subtle film grain; desaturated world where color is a sparse signal; strong clean silhouette readable as solid black at 32px. Negative: no neon cyberpunk, no fantasy or magic FX, no glossy mobile-cartoon gloss, no centered subject floating on a gradient, no rainbow palette, no lens flare, no AI-melted detail. Palette: gunmetal #2a2f3a with violet #8b5cf6 ore. Lighting: soft north-west key light with one long readable shadow. Background: transparent background (PNG alpha), nothing behind the structure. 256x256 PNG, transparent."
"public/assets/buildings/oilDerrick.png","256x256 PNG, transparent","Buildings — Economy","A nodding pumpjack oil derrick on a stained concrete pad. Three-quarter top-down billboard view, a single building on a consistent square footprint, grounded with a soft drop shadow. Gritty militarized near-future dieselpunk, lightly stylized for readability (not photoreal); weathered PBR materials (rust, oil, poured concrete, cold steel, sandbags); subtle film grain; desaturated world where color is a sparse signal; strong clean silhouette readable as solid black at 32px. Negative: no neon cyberpunk, no fantasy or magic FX, no glossy mobile-cartoon gloss, no centered subject floating on a gradient, no rainbow palette, no lens flare, no AI-melted detail. Palette: gunmetal #2a2f3a with amber #f5b301 trim. Lighting: soft north-west key light with one long readable shadow. Background: transparent background (PNG alpha), nothing behind the structure. 256x256 PNG, transparent."
"public/assets/buildings/dataExcavator.png","256x256 PNG, transparent","Buildings — Economy","A salvage rig excavating buried data cores with a small antenna array. Three-quarter top-down billboard view, a single building on a consistent square footprint, grounded with a soft drop shadow. Gritty militarized near-future dieselpunk, lightly stylized for readability (not photoreal); weathered PBR materials (rust, oil, poured concrete, cold steel, sandbags); subtle film grain; desaturated world where color is a sparse signal; strong clean silhouette readable as solid black at 32px. Negative: no neon cyberpunk, no fantasy or magic FX, no glossy mobile-cartoon gloss, no centered subject floating on a gradient, no rainbow palette, no lens flare, no AI-melted detail. Palette: gunmetal #2a2f3a with toxic-green #6ee7a8 glow. Lighting: soft north-west key light with one long readable shadow. Background: transparent background (PNG alpha), nothing behind the structure. 256x256 PNG, transparent."
"public/assets/buildings/refinery.png","256x256 PNG, transparent","Buildings — Economy","A fuel refinery with round storage tanks and dense pipework. Three-quarter top-down billboard view, a single building on a consistent square footprint, grounded with a soft drop shadow. Gritty militarized near-future dieselpunk, lightly stylized for readability (not photoreal); weathered PBR materials (rust, oil, poured concrete, cold steel, sandbags); subtle film grain; desaturated world where color is a sparse signal; strong clean silhouette readable as solid black at 32px. Negative: no neon cyberpunk, no fantasy or magic FX, no glossy mobile-cartoon gloss, no centered subject floating on a gradient, no rainbow palette, no lens flare, no AI-melted detail. Palette: concrete #8b8f96 with amber #f5b301. Lighting: soft north-west key light with one long readable shadow. Background: transparent background (PNG alpha), nothing behind the structure. 256x256 PNG, transparent."
"public/assets/buildings/foundry.png","256x256 PNG, transparent","Buildings — Economy","A metal foundry with twin smokestacks and a restrained molten-pour glow. Three-quarter top-down billboard view, a single building on a consistent square footprint, grounded with a soft drop shadow. Gritty militarized near-future dieselpunk, lightly stylized for readability (not photoreal); weathered PBR materials (rust, oil, poured concrete, cold steel, sandbags); subtle film grain; desaturated world where color is a sparse signal; strong clean silhouette readable as solid black at 32px. Negative: no neon cyberpunk, no fantasy or magic FX, no glossy mobile-cartoon gloss, no centered subject floating on a gradient, no rainbow palette, no lens flare, no AI-melted detail. Palette: gunmetal #2a2f3a with amber #f5b301 heat. Lighting: soft north-west key light with one long readable shadow. Background: transparent background (PNG alpha), nothing behind the structure. 256x256 PNG, transparent."
"public/assets/buildings/armsFactory.png","256x256 PNG, transparent","Buildings — Economy","A small-arms factory shed with crates of rifles by a roller door. Three-quarter top-down billboard view, a single building on a consistent square footprint, grounded with a soft drop shadow. Gritty militarized near-future dieselpunk, lightly stylized for readability (not photoreal); weathered PBR materials (rust, oil, poured concrete, cold steel, sandbags); subtle film grain; desaturated world where color is a sparse signal; strong clean silhouette readable as solid black at 32px. Negative: no neon cyberpunk, no fantasy or magic FX, no glossy mobile-cartoon gloss, no centered subject floating on a gradient, no rainbow palette, no lens flare, no AI-melted detail. Palette: olive #5c6347 with ash #4b515c. Lighting: soft north-west key light with one long readable shadow. Background: transparent background (PNG alpha), nothing behind the structure. 256x256 PNG, transparent."
"public/assets/buildings/heavyWorks.png","256x256 PNG, transparent","Buildings — Economy","A heavy-vehicle works hangar assembling tank hulls under a gantry. Three-quarter top-down billboard view, a single building on a consistent square footprint, grounded with a soft drop shadow. Gritty militarized near-future dieselpunk, lightly stylized for readability (not photoreal); weathered PBR materials (rust, oil, poured concrete, cold steel, sandbags); subtle film grain; desaturated world where color is a sparse signal; strong clean silhouette readable as solid black at 32px. Negative: no neon cyberpunk, no fantasy or magic FX, no glossy mobile-cartoon gloss, no centered subject floating on a gradient, no rainbow palette, no lens flare, no AI-melted detail. Palette: gunmetal #2a2f3a with amber #f5b301 gantry. Lighting: soft north-west key light with one long readable shadow. Background: transparent background (PNG alpha), nothing behind the structure. 256x256 PNG, transparent."
"public/assets/buildings/electronicsLab.png","256x256 PNG, transparent","Buildings — Economy","An electronics lab block with a clean-room wing and a small dish. Three-quarter top-down billboard view, a single building on a consistent square footprint, grounded with a soft drop shadow. Gritty militarized near-future dieselpunk, lightly stylized for readability (not photoreal); weathered PBR materials (rust, oil, poured concrete, cold steel, sandbags); subtle film grain; desaturated world where color is a sparse signal; strong clean silhouette readable as solid black at 32px. Negative: no neon cyberpunk, no fantasy or magic FX, no glossy mobile-cartoon gloss, no centered subject floating on a gradient, no rainbow palette, no lens flare, no AI-melted detail. Palette: concrete #8b8f96 with toxic-green #6ee7a8. Lighting: soft north-west key light with one long readable shadow. Background: transparent background (PNG alpha), nothing behind the structure. 256x256 PNG, transparent."
"public/assets/buildings/warehouse.png","256x256 PNG, transparent","Buildings — Economy","A corrugated storage warehouse with a loading dock and stacked crates. Three-quarter top-down billboard view, a single building on a consistent square footprint, grounded with a soft drop shadow. Gritty militarized near-future dieselpunk, lightly stylized for readability (not photoreal); weathered PBR materials (rust, oil, poured concrete, cold steel, sandbags); subtle film grain; desaturated world where color is a sparse signal; strong clean silhouette readable as solid black at 32px. Negative: no neon cyberpunk, no fantasy or magic FX, no glossy mobile-cartoon gloss, no centered subject floating on a gradient, no rainbow palette, no lens flare, no AI-melted detail. Palette: ash #4b515c with amber #f5b301 dock. Lighting: soft north-west key light with one long readable shadow. Background: transparent background (PNG alpha), nothing behind the structure. 256x256 PNG, transparent."
"public/assets/buildings/allegiance/hq.png","256x256 PNG, transparent","Buildings — Allegiance","An imposing fortified headquarters bunker complex with a comms tower and a flag. Three-quarter top-down billboard view of a large, imposing regional structure on a consistent footprint, grounded with a soft drop shadow. Gritty militarized near-future dieselpunk, lightly stylized for readability (not photoreal); weathered PBR materials (rust, oil, poured concrete, cold steel, sandbags); subtle film grain; desaturated world where color is a sparse signal; strong clean silhouette readable as solid black at 32px. Negative: no neon cyberpunk, no fantasy or magic FX, no glossy mobile-cartoon gloss, no centered subject floating on a gradient, no rainbow palette, no lens flare, no AI-melted detail. Palette: gunmetal #2a2f3a with amber #f5b301 flag. Lighting: soft north-west key light with one long readable shadow. Background: transparent background (PNG alpha), nothing behind the structure. 256x256 PNG, transparent."
"public/assets/buildings/allegiance/fortress.png","256x256 PNG, transparent","Buildings — Allegiance","A heavy concrete fortress with ramparts, corner turrets and blast walls. Three-quarter top-down billboard view of a large, imposing regional structure on a consistent footprint, grounded with a soft drop shadow. Gritty militarized near-future dieselpunk, lightly stylized for readability (not photoreal); weathered PBR materials (rust, oil, poured concrete, cold steel, sandbags); subtle film grain; desaturated world where color is a sparse signal; strong clean silhouette readable as solid black at 32px. Negative: no neon cyberpunk, no fantasy or magic FX, no glossy mobile-cartoon gloss, no centered subject floating on a gradient, no rainbow palette, no lens flare, no AI-melted detail. Palette: concrete #8b8f96 with blood #9c2b2b banners. Lighting: soft north-west key light with one long readable shadow. Background: transparent background (PNG alpha), nothing behind the structure. 256x256 PNG, transparent."
"public/assets/buildings/allegiance/tradeHub.png","256x256 PNG, transparent","Buildings — Allegiance","A large trade-hub depot with gantry cranes, shipping containers and a rail spur. Three-quarter top-down billboard view of a large, imposing regional structure on a consistent footprint, grounded with a soft drop shadow. Gritty militarized near-future dieselpunk, lightly stylized for readability (not photoreal); weathered PBR materials (rust, oil, poured concrete, cold steel, sandbags); subtle film grain; desaturated world where color is a sparse signal; strong clean silhouette readable as solid black at 32px. Negative: no neon cyberpunk, no fantasy or magic FX, no glossy mobile-cartoon gloss, no centered subject floating on a gradient, no rainbow palette, no lens flare, no AI-melted detail. Palette: ash #4b515c with teal #3f9aa6 containers. Lighting: soft north-west key light with one long readable shadow. Background: transparent background (PNG alpha), nothing behind the structure. 256x256 PNG, transparent."
"public/assets/buildings/allegiance/radar.png","256x256 PNG, transparent","Buildings — Allegiance","A regional radar network station with a giant rotating dish on a mast. Three-quarter top-down billboard view of a large, imposing regional structure on a consistent footprint, grounded with a soft drop shadow. Gritty militarized near-future dieselpunk, lightly stylized for readability (not photoreal); weathered PBR materials (rust, oil, poured concrete, cold steel, sandbags); subtle film grain; desaturated world where color is a sparse signal; strong clean silhouette readable as solid black at 32px. Negative: no neon cyberpunk, no fantasy or magic FX, no glossy mobile-cartoon gloss, no centered subject floating on a gradient, no rainbow palette, no lens flare, no AI-melted detail. Palette: gunmetal #2a2f3a with sky #4a90d9 sweep. Lighting: soft north-west key light with one long readable shadow. Background: transparent background (PNG alpha), nothing behind the structure. 256x256 PNG, transparent."
"public/assets/buildings/allegiance/research.png","256x256 PNG, transparent","Buildings — Allegiance","A research center with low domes, antenna masts and lab wings. Three-quarter top-down billboard view of a large, imposing regional structure on a consistent footprint, grounded with a soft drop shadow. Gritty militarized near-future dieselpunk, lightly stylized for readability (not photoreal); weathered PBR materials (rust, oil, poured concrete, cold steel, sandbags); subtle film grain; desaturated world where color is a sparse signal; strong clean silhouette readable as solid black at 32px. Negative: no neon cyberpunk, no fantasy or magic FX, no glossy mobile-cartoon gloss, no centered subject floating on a gradient, no rainbow palette, no lens flare, no AI-melted detail. Palette: concrete #8b8f96 with toxic-green #6ee7a8. Lighting: soft north-west key light with one long readable shadow. Background: transparent background (PNG alpha), nothing behind the structure. 256x256 PNG, transparent."
"public/assets/buildings/allegiance/factory.png","256x256 PNG, transparent","Buildings — Allegiance","A large alliance factory complex with multiple assembly halls and smokestacks. Three-quarter top-down billboard view of a large, imposing regional structure on a consistent footprint, grounded with a soft drop shadow. Gritty militarized near-future dieselpunk, lightly stylized for readability (not photoreal); weathered PBR materials (rust, oil, poured concrete, cold steel, sandbags); subtle film grain; desaturated world where color is a sparse signal; strong clean silhouette readable as solid black at 32px. Negative: no neon cyberpunk, no fantasy or magic FX, no glossy mobile-cartoon gloss, no centered subject floating on a gradient, no rainbow palette, no lens flare, no AI-melted detail. Palette: gunmetal #2a2f3a with amber #f5b301. Lighting: soft north-west key light with one long readable shadow. Background: transparent background (PNG alpha), nothing behind the structure. 256x256 PNG, transparent."
"public/assets/buildings/allegiance/shield.png","256x256 PNG, transparent","Buildings — Allegiance","A shield-network array of emitter pylons projecting a faint hex energy dome. Three-quarter top-down billboard view of a large, imposing regional structure on a consistent footprint, grounded with a soft drop shadow. Gritty militarized near-future dieselpunk, lightly stylized for readability (not photoreal); weathered PBR materials (rust, oil, poured concrete, cold steel, sandbags); subtle film grain; desaturated world where color is a sparse signal; strong clean silhouette readable as solid black at 32px. Negative: no neon cyberpunk, no fantasy or magic FX, no glossy mobile-cartoon gloss, no centered subject floating on a gradient, no rainbow palette, no lens flare, no AI-melted detail. Palette: ash #4b515c with sky #4a90d9 dome (restrained). Lighting: soft north-west key light with one long readable shadow. Background: transparent background (PNG alpha), nothing behind the structure. 256x256 PNG, transparent."
"public/assets/units/infantry.png","128x128 PNG, transparent, must read at 24px","Units","A small squad cluster of infantry soldiers with helmets and packs. Top-down map-token view, single centred unit with a clear distinct outline, slight drop shadow. Gritty militarized near-future dieselpunk, lightly stylized for readability (not photoreal); weathered PBR materials (rust, oil, poured concrete, cold steel, sandbags); subtle film grain; desaturated world where color is a sparse signal; strong clean silhouette readable as solid black at 32px. Negative: no neon cyberpunk, no fantasy or magic FX, no glossy mobile-cartoon gloss, no centered subject floating on a gradient, no rainbow palette, no lens flare, no AI-melted detail. Palette: olive #5c6347 with ash #4b515c. Lighting: soft top-down light, minimal shadow. Background: transparent background (PNG alpha). 128x128 PNG, transparent, must read at 24px."
"public/assets/units/tanks.png","128x128 PNG, transparent, must read at 24px","Units","A tracked main battle tank with turret and a long gun barrel. Top-down map-token view, single centred unit with a clear distinct outline, slight drop shadow. Gritty militarized near-future dieselpunk, lightly stylized for readability (not photoreal); weathered PBR materials (rust, oil, poured concrete, cold steel, sandbags); subtle film grain; desaturated world where color is a sparse signal; strong clean silhouette readable as solid black at 32px. Negative: no neon cyberpunk, no fantasy or magic FX, no glossy mobile-cartoon gloss, no centered subject floating on a gradient, no rainbow palette, no lens flare, no AI-melted detail. Palette: gunmetal #2a2f3a with olive #5c6347. Lighting: soft top-down light, minimal shadow. Background: transparent background (PNG alpha). 128x128 PNG, transparent, must read at 24px."
"public/assets/units/artillery.png","128x128 PNG, transparent, must read at 24px","Units","A self-propelled artillery piece with a long raised gun. Top-down map-token view, single centred unit with a clear distinct outline, slight drop shadow. Gritty militarized near-future dieselpunk, lightly stylized for readability (not photoreal); weathered PBR materials (rust, oil, poured concrete, cold steel, sandbags); subtle film grain; desaturated world where color is a sparse signal; strong clean silhouette readable as solid black at 32px. Negative: no neon cyberpunk, no fantasy or magic FX, no glossy mobile-cartoon gloss, no centered subject floating on a gradient, no rainbow palette, no lens flare, no AI-melted detail. Palette: ash #4b515c with amber #f5b301 muzzle. Lighting: soft top-down light, minimal shadow. Background: transparent background (PNG alpha). 128x128 PNG, transparent, must read at 24px."
"public/assets/units/aircraft.png","128x128 PNG, transparent, must read at 24px","Units","A swept-wing strike aircraft seen from above. Top-down map-token view, single centred unit with a clear distinct outline, slight drop shadow. Gritty militarized near-future dieselpunk, lightly stylized for readability (not photoreal); weathered PBR materials (rust, oil, poured concrete, cold steel, sandbags); subtle film grain; desaturated world where color is a sparse signal; strong clean silhouette readable as solid black at 32px. Negative: no neon cyberpunk, no fantasy or magic FX, no glossy mobile-cartoon gloss, no centered subject floating on a gradient, no rainbow palette, no lens flare, no AI-melted detail. Palette: gunmetal #2a2f3a with sky #4a90d9. Lighting: soft top-down light, minimal shadow. Background: transparent background (PNG alpha). 128x128 PNG, transparent, must read at 24px."
"public/assets/units/drones.png","128x128 PNG, transparent, must read at 24px","Units","A quad recon drone with rotor booms seen from above. Top-down map-token view, single centred unit with a clear distinct outline, slight drop shadow. Gritty militarized near-future dieselpunk, lightly stylized for readability (not photoreal); weathered PBR materials (rust, oil, poured concrete, cold steel, sandbags); subtle film grain; desaturated world where color is a sparse signal; strong clean silhouette readable as solid black at 32px. Negative: no neon cyberpunk, no fantasy or magic FX, no glossy mobile-cartoon gloss, no centered subject floating on a gradient, no rainbow palette, no lens flare, no AI-melted detail. Palette: ash #4b515c with toxic-green #6ee7a8. Lighting: soft top-down light, minimal shadow. Background: transparent background (PNG alpha). 128x128 PNG, transparent, must read at 24px."
"public/assets/units/engineers.png","128x128 PNG, transparent, must read at 24px","Units","An engineer sapper vehicle with a dozer blade and tools. Top-down map-token view, single centred unit with a clear distinct outline, slight drop shadow. Gritty militarized near-future dieselpunk, lightly stylized for readability (not photoreal); weathered PBR materials (rust, oil, poured concrete, cold steel, sandbags); subtle film grain; desaturated world where color is a sparse signal; strong clean silhouette readable as solid black at 32px. Negative: no neon cyberpunk, no fantasy or magic FX, no glossy mobile-cartoon gloss, no centered subject floating on a gradient, no rainbow palette, no lens flare, no AI-melted detail. Palette: olive #5c6347 with amber #f5b301 blade. Lighting: soft top-down light, minimal shadow. Background: transparent background (PNG alpha). 128x128 PNG, transparent, must read at 24px."
"public/assets/resources/food.png","96x96 PNG, transparent, crisp at 24px","Resources","A bundled sheaf of grain, on a plain rounded-square chip with no frame ornament (tier: raw). Flat 2D front-facing icon, bold simple two-tone shapes plus one accent. Gritty militarized near-future dieselpunk, lightly stylized for readability (not photoreal); weathered PBR materials (rust, oil, poured concrete, cold steel, sandbags); subtle film grain; desaturated world where color is a sparse signal; strong clean silhouette readable as solid black at 32px. Negative: no neon cyberpunk, no fantasy or magic FX, no glossy mobile-cartoon gloss, no centered subject floating on a gradient, no rainbow palette, no lens flare, no AI-melted detail. Palette: gunmetal #2a2f3a and concrete #8b8f96 two-tone with amber #f5b301 accent. Lighting: flat even lighting, minimal shadow. Background: transparent background (PNG alpha) around the rounded-square chip. 96x96 PNG, transparent, crisp at 24px."
"public/assets/resources/water.png","96x96 PNG, transparent, crisp at 24px","Resources","A single water droplet over a canteen, on a plain rounded-square chip with no frame ornament (tier: raw). Flat 2D front-facing icon, bold simple two-tone shapes plus one accent. Gritty militarized near-future dieselpunk, lightly stylized for readability (not photoreal); weathered PBR materials (rust, oil, poured concrete, cold steel, sandbags); subtle film grain; desaturated world where color is a sparse signal; strong clean silhouette readable as solid black at 32px. Negative: no neon cyberpunk, no fantasy or magic FX, no glossy mobile-cartoon gloss, no centered subject floating on a gradient, no rainbow palette, no lens flare, no AI-melted detail. Palette: gunmetal #2a2f3a and concrete #8b8f96 two-tone with sky #4a90d9 accent. Lighting: flat even lighting, minimal shadow. Background: transparent background (PNG alpha) around the rounded-square chip. 96x96 PNG, transparent, crisp at 24px."
"public/assets/resources/wood.png","96x96 PNG, transparent, crisp at 24px","Resources","A short stack of cut logs, on a plain rounded-square chip with no frame ornament (tier: raw). Flat 2D front-facing icon, bold simple two-tone shapes plus one accent. Gritty militarized near-future dieselpunk, lightly stylized for readability (not photoreal); weathered PBR materials (rust, oil, poured concrete, cold steel, sandbags); subtle film grain; desaturated world where color is a sparse signal; strong clean silhouette readable as solid black at 32px. Negative: no neon cyberpunk, no fantasy or magic FX, no glossy mobile-cartoon gloss, no centered subject floating on a gradient, no rainbow palette, no lens flare, no AI-melted detail. Palette: gunmetal #2a2f3a and concrete #8b8f96 two-tone with dirt-brown #6b5840 accent. Lighting: flat even lighting, minimal shadow. Background: transparent background (PNG alpha) around the rounded-square chip. 96x96 PNG, transparent, crisp at 24px."
"public/assets/resources/stone.png","96x96 PNG, transparent, crisp at 24px","Resources","A rough cut stone block, on a plain rounded-square chip with no frame ornament (tier: raw). Flat 2D front-facing icon, bold simple two-tone shapes plus one accent. Gritty militarized near-future dieselpunk, lightly stylized for readability (not photoreal); weathered PBR materials (rust, oil, poured concrete, cold steel, sandbags); subtle film grain; desaturated world where color is a sparse signal; strong clean silhouette readable as solid black at 32px. Negative: no neon cyberpunk, no fantasy or magic FX, no glossy mobile-cartoon gloss, no centered subject floating on a gradient, no rainbow palette, no lens flare, no AI-melted detail. Palette: gunmetal #2a2f3a and concrete #8b8f96 two-tone with concrete #8b8f96 accent. Lighting: flat even lighting, minimal shadow. Background: transparent background (PNG alpha) around the rounded-square chip. 96x96 PNG, transparent, crisp at 24px."
"public/assets/resources/iron.png","96x96 PNG, transparent, crisp at 24px","Resources","A chunk of iron ore beside an ingot, on a plain rounded-square chip with no frame ornament (tier: raw). Flat 2D front-facing icon, bold simple two-tone shapes plus one accent. Gritty militarized near-future dieselpunk, lightly stylized for readability (not photoreal); weathered PBR materials (rust, oil, poured concrete, cold steel, sandbags); subtle film grain; desaturated world where color is a sparse signal; strong clean silhouette readable as solid black at 32px. Negative: no neon cyberpunk, no fantasy or magic FX, no glossy mobile-cartoon gloss, no centered subject floating on a gradient, no rainbow palette, no lens flare, no AI-melted detail. Palette: gunmetal #2a2f3a and concrete #8b8f96 two-tone with ash #4b515c accent. Lighting: flat even lighting, minimal shadow. Background: transparent background (PNG alpha) around the rounded-square chip. 96x96 PNG, transparent, crisp at 24px."
"public/assets/resources/rareMinerals.png","96x96 PNG, transparent, crisp at 24px","Resources","A cluster of raw crystals, on a plain rounded-square chip with no frame ornament (tier: raw). Flat 2D front-facing icon, bold simple two-tone shapes plus one accent. Gritty militarized near-future dieselpunk, lightly stylized for readability (not photoreal); weathered PBR materials (rust, oil, poured concrete, cold steel, sandbags); subtle film grain; desaturated world where color is a sparse signal; strong clean silhouette readable as solid black at 32px. Negative: no neon cyberpunk, no fantasy or magic FX, no glossy mobile-cartoon gloss, no centered subject floating on a gradient, no rainbow palette, no lens flare, no AI-melted detail. Palette: gunmetal #2a2f3a and concrete #8b8f96 two-tone with violet #8b5cf6 accent. Lighting: flat even lighting, minimal shadow. Background: transparent background (PNG alpha) around the rounded-square chip. 96x96 PNG, transparent, crisp at 24px."
"public/assets/resources/oil.png","96x96 PNG, transparent, crisp at 24px","Resources","A black oil barrel with a drop, on a plain rounded-square chip with no frame ornament (tier: raw). Flat 2D front-facing icon, bold simple two-tone shapes plus one accent. Gritty militarized near-future dieselpunk, lightly stylized for readability (not photoreal); weathered PBR materials (rust, oil, poured concrete, cold steel, sandbags); subtle film grain; desaturated world where color is a sparse signal; strong clean silhouette readable as solid black at 32px. Negative: no neon cyberpunk, no fantasy or magic FX, no glossy mobile-cartoon gloss, no centered subject floating on a gradient, no rainbow palette, no lens flare, no AI-melted detail. Palette: gunmetal #2a2f3a and concrete #8b8f96 two-tone with amber #f5b301 accent. Lighting: flat even lighting, minimal shadow. Background: transparent background (PNG alpha) around the rounded-square chip. 96x96 PNG, transparent, crisp at 24px."
"public/assets/resources/dataChips.png","96x96 PNG, transparent, crisp at 24px","Resources","A salvaged microchip wafer, on a plain rounded-square chip with no frame ornament (tier: raw). Flat 2D front-facing icon, bold simple two-tone shapes plus one accent. Gritty militarized near-future dieselpunk, lightly stylized for readability (not photoreal); weathered PBR materials (rust, oil, poured concrete, cold steel, sandbags); subtle film grain; desaturated world where color is a sparse signal; strong clean silhouette readable as solid black at 32px. Negative: no neon cyberpunk, no fantasy or magic FX, no glossy mobile-cartoon gloss, no centered subject floating on a gradient, no rainbow palette, no lens flare, no AI-melted detail. Palette: gunmetal #2a2f3a and concrete #8b8f96 two-tone with toxic-green #6ee7a8 accent. Lighting: flat even lighting, minimal shadow. Background: transparent background (PNG alpha) around the rounded-square chip. 96x96 PNG, transparent, crisp at 24px."
"public/assets/resources/fuel.png","96x96 PNG, transparent, crisp at 24px","Resources","A military jerrycan fuel can, on a rounded-square chip with bracketed corner marks (tier: intermediate). Flat 2D front-facing icon, bold simple two-tone shapes plus one accent. Gritty militarized near-future dieselpunk, lightly stylized for readability (not photoreal); weathered PBR materials (rust, oil, poured concrete, cold steel, sandbags); subtle film grain; desaturated world where color is a sparse signal; strong clean silhouette readable as solid black at 32px. Negative: no neon cyberpunk, no fantasy or magic FX, no glossy mobile-cartoon gloss, no centered subject floating on a gradient, no rainbow palette, no lens flare, no AI-melted detail. Palette: gunmetal #2a2f3a and concrete #8b8f96 two-tone with amber #f5b301 accent. Lighting: flat even lighting, minimal shadow. Background: transparent background (PNG alpha) around the rounded-square chip. 96x96 PNG, transparent, crisp at 24px."
"public/assets/resources/steel.png","96x96 PNG, transparent, crisp at 24px","Resources","A polished steel I-beam, on a rounded-square chip with bracketed corner marks (tier: intermediate). Flat 2D front-facing icon, bold simple two-tone shapes plus one accent. Gritty militarized near-future dieselpunk, lightly stylized for readability (not photoreal); weathered PBR materials (rust, oil, poured concrete, cold steel, sandbags); subtle film grain; desaturated world where color is a sparse signal; strong clean silhouette readable as solid black at 32px. Negative: no neon cyberpunk, no fantasy or magic FX, no glossy mobile-cartoon gloss, no centered subject floating on a gradient, no rainbow palette, no lens flare, no AI-melted detail. Palette: gunmetal #2a2f3a and concrete #8b8f96 two-tone with concrete #8b8f96 accent. Lighting: flat even lighting, minimal shadow. Background: transparent background (PNG alpha) around the rounded-square chip. 96x96 PNG, transparent, crisp at 24px."
"public/assets/resources/electronics.png","96x96 PNG, transparent, crisp at 24px","Resources","A small green circuit board, on a rounded-square chip with bracketed corner marks (tier: intermediate). Flat 2D front-facing icon, bold simple two-tone shapes plus one accent. Gritty militarized near-future dieselpunk, lightly stylized for readability (not photoreal); weathered PBR materials (rust, oil, poured concrete, cold steel, sandbags); subtle film grain; desaturated world where color is a sparse signal; strong clean silhouette readable as solid black at 32px. Negative: no neon cyberpunk, no fantasy or magic FX, no glossy mobile-cartoon gloss, no centered subject floating on a gradient, no rainbow palette, no lens flare, no AI-melted detail. Palette: gunmetal #2a2f3a and concrete #8b8f96 two-tone with toxic-green #6ee7a8 accent. Lighting: flat even lighting, minimal shadow. Background: transparent background (PNG alpha) around the rounded-square chip. 96x96 PNG, transparent, crisp at 24px."
"public/assets/resources/machineParts.png","96x96 PNG, transparent, crisp at 24px","Resources","An interlocking gear and cog, on a rounded-square chip with bracketed corner marks (tier: intermediate). Flat 2D front-facing icon, bold simple two-tone shapes plus one accent. Gritty militarized near-future dieselpunk, lightly stylized for readability (not photoreal); weathered PBR materials (rust, oil, poured concrete, cold steel, sandbags); subtle film grain; desaturated world where color is a sparse signal; strong clean silhouette readable as solid black at 32px. Negative: no neon cyberpunk, no fantasy or magic FX, no glossy mobile-cartoon gloss, no centered subject floating on a gradient, no rainbow palette, no lens flare, no AI-melted detail. Palette: gunmetal #2a2f3a and concrete #8b8f96 two-tone with ash #4b515c accent. Lighting: flat even lighting, minimal shadow. Background: transparent background (PNG alpha) around the rounded-square chip. 96x96 PNG, transparent, crisp at 24px."
"public/assets/resources/ammunition.png","96x96 PNG, transparent, crisp at 24px","Resources","A row of artillery shell rounds, on a rounded-square chip with bracketed corner marks (tier: intermediate). Flat 2D front-facing icon, bold simple two-tone shapes plus one accent. Gritty militarized near-future dieselpunk, lightly stylized for readability (not photoreal); weathered PBR materials (rust, oil, poured concrete, cold steel, sandbags); subtle film grain; desaturated world where color is a sparse signal; strong clean silhouette readable as solid black at 32px. Negative: no neon cyberpunk, no fantasy or magic FX, no glossy mobile-cartoon gloss, no centered subject floating on a gradient, no rainbow palette, no lens flare, no AI-melted detail. Palette: gunmetal #2a2f3a and concrete #8b8f96 two-tone with blood #9c2b2b accent. Lighting: flat even lighting, minimal shadow. Background: transparent background (PNG alpha) around the rounded-square chip. 96x96 PNG, transparent, crisp at 24px."
"public/assets/resources/chemicals.png","96x96 PNG, transparent, crisp at 24px","Resources","A sealed chemical canister/flask, on a rounded-square chip with bracketed corner marks (tier: intermediate). Flat 2D front-facing icon, bold simple two-tone shapes plus one accent. Gritty militarized near-future dieselpunk, lightly stylized for readability (not photoreal); weathered PBR materials (rust, oil, poured concrete, cold steel, sandbags); subtle film grain; desaturated world where color is a sparse signal; strong clean silhouette readable as solid black at 32px. Negative: no neon cyberpunk, no fantasy or magic FX, no glossy mobile-cartoon gloss, no centered subject floating on a gradient, no rainbow palette, no lens flare, no AI-melted detail. Palette: gunmetal #2a2f3a and concrete #8b8f96 two-tone with toxic-green #6ee7a8 accent. Lighting: flat even lighting, minimal shadow. Background: transparent background (PNG alpha) around the rounded-square chip. 96x96 PNG, transparent, crisp at 24px."
"public/assets/resources/rifles.png","96x96 PNG, transparent, crisp at 24px","Resources","A single service rifle, on a rounded-square chip with a bordered badge frame (tier: finished). Flat 2D front-facing icon, bold simple two-tone shapes plus one accent. Gritty militarized near-future dieselpunk, lightly stylized for readability (not photoreal); weathered PBR materials (rust, oil, poured concrete, cold steel, sandbags); subtle film grain; desaturated world where color is a sparse signal; strong clean silhouette readable as solid black at 32px. Negative: no neon cyberpunk, no fantasy or magic FX, no glossy mobile-cartoon gloss, no centered subject floating on a gradient, no rainbow palette, no lens flare, no AI-melted detail. Palette: gunmetal #2a2f3a and concrete #8b8f96 two-tone with ash #4b515c accent. Lighting: flat even lighting, minimal shadow. Background: transparent background (PNG alpha) around the rounded-square chip. 96x96 PNG, transparent, crisp at 24px."
"public/assets/resources/tanks.png","96x96 PNG, transparent, crisp at 24px","Resources","A compact tank silhouette badge, on a rounded-square chip with a bordered badge frame (tier: finished). Flat 2D front-facing icon, bold simple two-tone shapes plus one accent. Gritty militarized near-future dieselpunk, lightly stylized for readability (not photoreal); weathered PBR materials (rust, oil, poured concrete, cold steel, sandbags); subtle film grain; desaturated world where color is a sparse signal; strong clean silhouette readable as solid black at 32px. Negative: no neon cyberpunk, no fantasy or magic FX, no glossy mobile-cartoon gloss, no centered subject floating on a gradient, no rainbow palette, no lens flare, no AI-melted detail. Palette: gunmetal #2a2f3a and concrete #8b8f96 two-tone with olive #5c6347 accent. Lighting: flat even lighting, minimal shadow. Background: transparent background (PNG alpha) around the rounded-square chip. 96x96 PNG, transparent, crisp at 24px."
"public/assets/resources/drones.png","96x96 PNG, transparent, crisp at 24px","Resources","A finished recon drone badge, on a rounded-square chip with a bordered badge frame (tier: finished). Flat 2D front-facing icon, bold simple two-tone shapes plus one accent. Gritty militarized near-future dieselpunk, lightly stylized for readability (not photoreal); weathered PBR materials (rust, oil, poured concrete, cold steel, sandbags); subtle film grain; desaturated world where color is a sparse signal; strong clean silhouette readable as solid black at 32px. Negative: no neon cyberpunk, no fantasy or magic FX, no glossy mobile-cartoon gloss, no centered subject floating on a gradient, no rainbow palette, no lens flare, no AI-melted detail. Palette: gunmetal #2a2f3a and concrete #8b8f96 two-tone with sky #4a90d9 accent. Lighting: flat even lighting, minimal shadow. Background: transparent background (PNG alpha) around the rounded-square chip. 96x96 PNG, transparent, crisp at 24px."
"public/assets/resources/aircraft.png","96x96 PNG, transparent, crisp at 24px","Resources","A finished strike aircraft badge, on a rounded-square chip with a bordered badge frame (tier: finished). Flat 2D front-facing icon, bold simple two-tone shapes plus one accent. Gritty militarized near-future dieselpunk, lightly stylized for readability (not photoreal); weathered PBR materials (rust, oil, poured concrete, cold steel, sandbags); subtle film grain; desaturated world where color is a sparse signal; strong clean silhouette readable as solid black at 32px. Negative: no neon cyberpunk, no fantasy or magic FX, no glossy mobile-cartoon gloss, no centered subject floating on a gradient, no rainbow palette, no lens flare, no AI-melted detail. Palette: gunmetal #2a2f3a and concrete #8b8f96 two-tone with sky #4a90d9 accent. Lighting: flat even lighting, minimal shadow. Background: transparent background (PNG alpha) around the rounded-square chip. 96x96 PNG, transparent, crisp at 24px."
"public/assets/resources/turrets.png","96x96 PNG, transparent, crisp at 24px","Resources","A defensive turret emplacement, on a rounded-square chip with a bordered badge frame (tier: finished). Flat 2D front-facing icon, bold simple two-tone shapes plus one accent. Gritty militarized near-future dieselpunk, lightly stylized for readability (not photoreal); weathered PBR materials (rust, oil, poured concrete, cold steel, sandbags); subtle film grain; desaturated world where color is a sparse signal; strong clean silhouette readable as solid black at 32px. Negative: no neon cyberpunk, no fantasy or magic FX, no glossy mobile-cartoon gloss, no centered subject floating on a gradient, no rainbow palette, no lens flare, no AI-melted detail. Palette: gunmetal #2a2f3a and concrete #8b8f96 two-tone with ash #4b515c accent. Lighting: flat even lighting, minimal shadow. Background: transparent background (PNG alpha) around the rounded-square chip. 96x96 PNG, transparent, crisp at 24px."
"public/assets/resources/buildingComponents.png","96x96 PNG, transparent, crisp at 24px","Resources","A bundle of prefab girders, on a rounded-square chip with a bordered badge frame (tier: finished). Flat 2D front-facing icon, bold simple two-tone shapes plus one accent. Gritty militarized near-future dieselpunk, lightly stylized for readability (not photoreal); weathered PBR materials (rust, oil, poured concrete, cold steel, sandbags); subtle film grain; desaturated world where color is a sparse signal; strong clean silhouette readable as solid black at 32px. Negative: no neon cyberpunk, no fantasy or magic FX, no glossy mobile-cartoon gloss, no centered subject floating on a gradient, no rainbow palette, no lens flare, no AI-melted detail. Palette: gunmetal #2a2f3a and concrete #8b8f96 two-tone with amber #f5b301 accent. Lighting: flat even lighting, minimal shadow. Background: transparent background (PNG alpha) around the rounded-square chip. 96x96 PNG, transparent, crisp at 24px."
"public/assets/commanders/portrait-1.png","512x512 PNG","Commanders","A weathered older male field commander, grey buzzcut, a scar across one brow, hard stare, diverse and grounded, no exaggeration. Bust portrait, shoulders-up, recon side-lighting, muted military fatigues. Gritty militarized near-future dieselpunk, lightly stylized for readability (not photoreal); weathered PBR materials (rust, oil, poured concrete, cold steel, sandbags); subtle film grain; desaturated world where color is a sparse signal; strong clean silhouette readable as solid black at 32px. Negative: no neon cyberpunk, no fantasy or magic FX, no glossy mobile-cartoon gloss, no centered subject floating on a gradient, no rainbow palette, no lens flare, no AI-melted detail. Palette: desaturated olive #5c6347 and gunmetal #2a2f3a fatigues, skin kept natural. Lighting: low-angle directional recon key light, deep but readable shadow. Background: neutral dark gunmetal #2a2f3a studio background, slight vignette. 512x512 PNG."
"public/assets/commanders/portrait-2.png","512x512 PNG","Commanders","A stern female officer with tied-back dark hair and a worn beret, calm and unflinching, diverse and grounded, no exaggeration. Bust portrait, shoulders-up, recon side-lighting, muted military fatigues. Gritty militarized near-future dieselpunk, lightly stylized for readability (not photoreal); weathered PBR materials (rust, oil, poured concrete, cold steel, sandbags); subtle film grain; desaturated world where color is a sparse signal; strong clean silhouette readable as solid black at 32px. Negative: no neon cyberpunk, no fantasy or magic FX, no glossy mobile-cartoon gloss, no centered subject floating on a gradient, no rainbow palette, no lens flare, no AI-melted detail. Palette: desaturated olive #5c6347 and gunmetal #2a2f3a fatigues, skin kept natural. Lighting: low-angle directional recon key light, deep but readable shadow. Background: neutral dark gunmetal #2a2f3a studio background, slight vignette. 512x512 PNG."
"public/assets/commanders/portrait-3.png","512x512 PNG","Commanders","A young male sergeant with stubble and a dented helmet, soot on his jaw, diverse and grounded, no exaggeration. Bust portrait, shoulders-up, recon side-lighting, muted military fatigues. Gritty militarized near-future dieselpunk, lightly stylized for readability (not photoreal); weathered PBR materials (rust, oil, poured concrete, cold steel, sandbags); subtle film grain; desaturated world where color is a sparse signal; strong clean silhouette readable as solid black at 32px. Negative: no neon cyberpunk, no fantasy or magic FX, no glossy mobile-cartoon gloss, no centered subject floating on a gradient, no rainbow palette, no lens flare, no AI-melted detail. Palette: desaturated olive #5c6347 and gunmetal #2a2f3a fatigues, skin kept natural. Lighting: low-angle directional recon key light, deep but readable shadow. Background: neutral dark gunmetal #2a2f3a studio background, slight vignette. 512x512 PNG."
"public/assets/commanders/portrait-4.png","512x512 PNG","Commanders","A veteran female colonel with cropped grey hair and a leather eyepatch, composed, diverse and grounded, no exaggeration. Bust portrait, shoulders-up, recon side-lighting, muted military fatigues. Gritty militarized near-future dieselpunk, lightly stylized for readability (not photoreal); weathered PBR materials (rust, oil, poured concrete, cold steel, sandbags); subtle film grain; desaturated world where color is a sparse signal; strong clean silhouette readable as solid black at 32px. Negative: no neon cyberpunk, no fantasy or magic FX, no glossy mobile-cartoon gloss, no centered subject floating on a gradient, no rainbow palette, no lens flare, no AI-melted detail. Palette: desaturated olive #5c6347 and gunmetal #2a2f3a fatigues, skin kept natural. Lighting: low-angle directional recon key light, deep but readable shadow. Background: neutral dark gunmetal #2a2f3a studio background, slight vignette. 512x512 PNG."
"public/assets/commanders/portrait-5.png","512x512 PNG","Commanders","A broad-shouldered male heavy-ops soldier, shaved head, goggles pushed up on his forehead, diverse and grounded, no exaggeration. Bust portrait, shoulders-up, recon side-lighting, muted military fatigues. Gritty militarized near-future dieselpunk, lightly stylized for readability (not photoreal); weathered PBR materials (rust, oil, poured concrete, cold steel, sandbags); subtle film grain; desaturated world where color is a sparse signal; strong clean silhouette readable as solid black at 32px. Negative: no neon cyberpunk, no fantasy or magic FX, no glossy mobile-cartoon gloss, no centered subject floating on a gradient, no rainbow palette, no lens flare, no AI-melted detail. Palette: desaturated olive #5c6347 and gunmetal #2a2f3a fatigues, skin kept natural. Lighting: low-angle directional recon key light, deep but readable shadow. Background: neutral dark gunmetal #2a2f3a studio background, slight vignette. 512x512 PNG."
"public/assets/commanders/portrait-6.png","512x512 PNG","Commanders","A sharp female intelligence officer with thin glasses and a comms headset, focused, diverse and grounded, no exaggeration. Bust portrait, shoulders-up, recon side-lighting, muted military fatigues. Gritty militarized near-future dieselpunk, lightly stylized for readability (not photoreal); weathered PBR materials (rust, oil, poured concrete, cold steel, sandbags); subtle film grain; desaturated world where color is a sparse signal; strong clean silhouette readable as solid black at 32px. Negative: no neon cyberpunk, no fantasy or magic FX, no glossy mobile-cartoon gloss, no centered subject floating on a gradient, no rainbow palette, no lens flare, no AI-melted detail. Palette: desaturated olive #5c6347 and gunmetal #2a2f3a fatigues, skin kept natural. Lighting: low-angle directional recon key light, deep but readable shadow. Background: neutral dark gunmetal #2a2f3a studio background, slight vignette. 512x512 PNG."
"public/assets/commanders/portrait-7.png","512x512 PNG","Commanders","A grizzled male tank commander, oil-smeared face, a battered field cap, mid-40s, diverse and grounded, no exaggeration. Bust portrait, shoulders-up, recon side-lighting, muted military fatigues. Gritty militarized near-future dieselpunk, lightly stylized for readability (not photoreal); weathered PBR materials (rust, oil, poured concrete, cold steel, sandbags); subtle film grain; desaturated world where color is a sparse signal; strong clean silhouette readable as solid black at 32px. Negative: no neon cyberpunk, no fantasy or magic FX, no glossy mobile-cartoon gloss, no centered subject floating on a gradient, no rainbow palette, no lens flare, no AI-melted detail. Palette: desaturated olive #5c6347 and gunmetal #2a2f3a fatigues, skin kept natural. Lighting: low-angle directional recon key light, deep but readable shadow. Background: neutral dark gunmetal #2a2f3a studio background, slight vignette. 512x512 PNG."
"public/assets/commanders/portrait-8.png","512x512 PNG","Commanders","A calm female drone pilot with short hair and a visor pushed up, level gaze, diverse and grounded, no exaggeration. Bust portrait, shoulders-up, recon side-lighting, muted military fatigues. Gritty militarized near-future dieselpunk, lightly stylized for readability (not photoreal); weathered PBR materials (rust, oil, poured concrete, cold steel, sandbags); subtle film grain; desaturated world where color is a sparse signal; strong clean silhouette readable as solid black at 32px. Negative: no neon cyberpunk, no fantasy or magic FX, no glossy mobile-cartoon gloss, no centered subject floating on a gradient, no rainbow palette, no lens flare, no AI-melted detail. Palette: desaturated olive #5c6347 and gunmetal #2a2f3a fatigues, skin kept natural. Lighting: low-angle directional recon key light, deep but readable shadow. Background: neutral dark gunmetal #2a2f3a studio background, slight vignette. 512x512 PNG."
"public/assets/commanders/frame-common.png","512x512 PNG, transparent center","Commanders","An ornamented square military rank frame border (common rarity) with corner insignia and an empty transparent center, brushed steel. Front-facing square decorative frame, even thickness, hollow middle. Gritty militarized near-future dieselpunk, lightly stylized for readability (not photoreal); weathered PBR materials (rust, oil, poured concrete, cold steel, sandbags); subtle film grain; desaturated world where color is a sparse signal; strong clean silhouette readable as solid black at 32px. Negative: no neon cyberpunk, no fantasy or magic FX, no glossy mobile-cartoon gloss, no centered subject floating on a gradient, no rainbow palette, no lens flare, no AI-melted detail. Palette: gunmetal #2a2f3a metal with #8a92a3 common accent. Lighting: even frontal light. Background: transparent center and outside the frame (PNG alpha). 512x512 PNG, transparent center."
"public/assets/commanders/frame-rare.png","512x512 PNG, transparent center","Commanders","An ornamented square military rank frame border (rare rarity) with corner insignia and an empty transparent center, sky-blue trim. Front-facing square decorative frame, even thickness, hollow middle. Gritty militarized near-future dieselpunk, lightly stylized for readability (not photoreal); weathered PBR materials (rust, oil, poured concrete, cold steel, sandbags); subtle film grain; desaturated world where color is a sparse signal; strong clean silhouette readable as solid black at 32px. Negative: no neon cyberpunk, no fantasy or magic FX, no glossy mobile-cartoon gloss, no centered subject floating on a gradient, no rainbow palette, no lens flare, no AI-melted detail. Palette: gunmetal #2a2f3a metal with #4a90d9 rare accent. Lighting: even frontal light. Background: transparent center and outside the frame (PNG alpha). 512x512 PNG, transparent center."
"public/assets/commanders/frame-epic.png","512x512 PNG, transparent center","Commanders","An ornamented square military rank frame border (epic rarity) with corner insignia and an empty transparent center, violet inlay. Front-facing square decorative frame, even thickness, hollow middle. Gritty militarized near-future dieselpunk, lightly stylized for readability (not photoreal); weathered PBR materials (rust, oil, poured concrete, cold steel, sandbags); subtle film grain; desaturated world where color is a sparse signal; strong clean silhouette readable as solid black at 32px. Negative: no neon cyberpunk, no fantasy or magic FX, no glossy mobile-cartoon gloss, no centered subject floating on a gradient, no rainbow palette, no lens flare, no AI-melted detail. Palette: gunmetal #2a2f3a metal with #8b5cf6 epic accent. Lighting: even frontal light. Background: transparent center and outside the frame (PNG alpha). 512x512 PNG, transparent center."
"public/assets/commanders/frame-legendary.png","512x512 PNG, transparent center","Commanders","An ornamented square military rank frame border (legendary rarity) with corner insignia and an empty transparent center, amber gilt. Front-facing square decorative frame, even thickness, hollow middle. Gritty militarized near-future dieselpunk, lightly stylized for readability (not photoreal); weathered PBR materials (rust, oil, poured concrete, cold steel, sandbags); subtle film grain; desaturated world where color is a sparse signal; strong clean silhouette readable as solid black at 32px. Negative: no neon cyberpunk, no fantasy or magic FX, no glossy mobile-cartoon gloss, no centered subject floating on a gradient, no rainbow palette, no lens flare, no AI-melted detail. Palette: gunmetal #2a2f3a metal with #f5b301 legendary accent. Lighting: even frontal light. Background: transparent center and outside the frame (PNG alpha). 512x512 PNG, transparent center."
"public/assets/brand/logo.svg","SVG vector lockup, ~ exported 1024x256 PNG preview","Brand & Key Art","The WARLANDS horizontal logo lockup: a condensed industrial stencil-adjacent uppercase wordmark WARLANDS beside a compact angular mark (a stylised fortified hex or chevron blade). Flat 2D vector lockup, sharp geometry, single-weight, designed to vectorise cleanly. Gritty militarized near-future dieselpunk, lightly stylized for readability (not photoreal); weathered PBR materials (rust, oil, poured concrete, cold steel, sandbags); subtle film grain; desaturated world where color is a sparse signal; strong clean silhouette readable as solid black at 32px. Negative: no neon cyberpunk, no fantasy or magic FX, no glossy mobile-cartoon gloss, no centered subject floating on a gradient, no rainbow palette, no lens flare, no AI-melted detail. Palette: amber #f5b301 wordmark on transparent, optional blood #9c2b2b accent notch (2 accents max). Lighting: flat, no lighting. Background: transparent (deliver as SVG; this prompt is the raster design reference). SVG vector lockup, ~ exported 1024x256 PNG preview."
"public/assets/brand/mark.svg","SVG vector, ~512x512 PNG preview","Brand & Key Art","The standalone WARLANDS icon mark only: a single bold angular emblem (fortified hex / chevron blade), no text. Flat 2D vector emblem, one solid silhouette, app-icon ready. Gritty militarized near-future dieselpunk, lightly stylized for readability (not photoreal); weathered PBR materials (rust, oil, poured concrete, cold steel, sandbags); subtle film grain; desaturated world where color is a sparse signal; strong clean silhouette readable as solid black at 32px. Negative: no neon cyberpunk, no fantasy or magic FX, no glossy mobile-cartoon gloss, no centered subject floating on a gradient, no rainbow palette, no lens flare, no AI-melted detail. Palette: amber #f5b301 on gunmetal #2a2f3a. Lighting: flat, no lighting. Background: transparent or solid gunmetal tile for app icon. SVG vector, ~512x512 PNG preview."
"public/assets/keyart/keyart.png","2560x1440 PNG","Brand & Key Art","Key art of THE CRUCIBLE: a contested central warzone hex at amber dusk, two armies of tracked armor and infantry converging, oil fires and black smoke, a radar dish sweeping, distant industrial skyline. Cinematic wide establishing shot, grounded painterly-but-realistic, low-angle recon light, headline space kept clear at upper-left (composition not centred). Gritty militarized near-future dieselpunk, lightly stylized for readability (not photoreal); weathered PBR materials (rust, oil, poured concrete, cold steel, sandbags); subtle film grain; desaturated world where color is a sparse signal; strong clean silhouette readable as solid black at 32px. Negative: no neon cyberpunk, no fantasy or magic FX, no glossy mobile-cartoon gloss, no centered subject floating on a gradient, no rainbow palette, no lens flare, no AI-melted detail. Palette: desaturated gunmetal #2a2f3a world with amber #f5b301 dusk and blood #9c2b2b fire as the only accents. Lighting: low-angle warm key from the horizon, long dramatic shadows, diesel haze. Background: full-bleed scene, no transparency. 2560x1440 PNG."
"public/assets/brand/og.png","1200x630 PNG","Brand & Key Art","Social share card: the WARLANDS wordmark over a tight crop of the Crucible warzone hex with converging armor and a single oil fire. Horizontal social-card composition, wordmark upper-left, subject lower-right, safe margins. Gritty militarized near-future dieselpunk, lightly stylized for readability (not photoreal); weathered PBR materials (rust, oil, poured concrete, cold steel, sandbags); subtle film grain; desaturated world where color is a sparse signal; strong clean silhouette readable as solid black at 32px. Negative: no neon cyberpunk, no fantasy or magic FX, no glossy mobile-cartoon gloss, no centered subject floating on a gradient, no rainbow palette, no lens flare, no AI-melted detail. Palette: gunmetal #2a2f3a with amber #f5b301 and blood #9c2b2b accents only. Lighting: moody dusk key light, light haze. Background: full-bleed, no transparency. 1200x630 PNG."
